{
    "DOPPELGANGER": "CONGRESSPERSON",
    "Ava Muhammad": "Frederica Wilson",
    "Robert Gates": "Ron Estes",
    "Andrew Lansley": "Ralph Norman",
    "Andrew J. Feustel": "Tom Rice",
    "John T. Chambers": "Randy Weber",
    "Debra Jo Rupp": "Liz Cheney",
    "Hillevi Engström": "Liz Cheney",
    "Niall Quinn": "Tom Garrett Jr.",
    "Jill Whelan": "Marsha Blackburn",
    "Elaine Wynn": "Marsha Blackburn",
    "Susan Polgar": "Marsha Blackburn",
    "Joe Dooley": "Joe Wilson",
    "Denis Verdini": "Tim Walz",
    "Michael Winner": "Sander Levin",
    "Iain Dale": "Ron Estes",
    "William Henderson": "David Scott",
    "Timothy Radcliffe": "Rick W. Allen",
    "Ondřej Soukup": "Bradley Byrne",
    "Bill Paxton": "Bill Nelson",
    "Lesley Fera": "Alexandria Ocasio-Cortez"
}